{"_runtime":15.1614019,"_wandb":{"runtime":15},"_step":9,"loss":1.21829092502594,"val_loss":0.0013584891567006707,"val_accuracy":88.95,"epoch":1,"_timestamp":1.7290758268509226e+09}