{"_runtime":14.4969049,"_step":9,"_wandb":{"runtime":14},"loss":0.6418560743331909,"val_loss":0.00042617623694241047,"val_accuracy":87.82,"epoch":1,"_timestamp":1.72907589790735e+09}