{"loss":0.5758836269378662,"val_loss":0.0007658478571102023,"val_accuracy":75.97,"epoch":1,"_wandb":{"runtime":14},"_timestamp":1.7291070142245166e+09,"_runtime":14.6317933,"_step":9}