{"epoch":1,"_timestamp":1.7291074841663756e+09,"_wandb":{"runtime":17},"_runtime":16.7817506,"_step":9,"loss":1.0606186389923096,"val_loss":0.001117020146921277,"val_accuracy":76.58}