{"_runtime":52.5751835,"_step":9,"loss":0.803068995475769,"val_loss":0.0007271671202033758,"val_accuracy":74.9,"epoch":1,"_wandb":{"runtime":53},"_timestamp":1.7291074161087365e+09}