{"val_accuracy":90.45,"epoch":1,"_timestamp":1.729075878365255e+09,"_runtime":14.5177653,"_step":9,"_wandb":{"runtime":14},"loss":0.34372392296791077,"val_loss":0.0003284286067355424}