{"epoch":1,"_wandb":{"runtime":1688},"loss":0.7798787355422974,"_timestamp":1.7289876920562744e+09,"_runtime":16.1365528,"_step":37}