{"epoch":1,"loss":0.5973145365715027,"_timestamp":1.7289875487031841e+09,"_runtime":8.2498825,"_step":93,"_wandb":{"runtime":67}}