{"_step":9,"loss":0.5857964754104614,"val_loss":0.0006389265181496739,"val_accuracy":88.13,"epoch":1,"_wandb":{"runtime":15},"_timestamp":1.729075797362315e+09,"_runtime":15.2116503}