{"_runtime":14.8397126,"_wandb":{"runtime":15},"_step":9,"loss":0.006818689871579409,"val_loss":6.404269515769556e-05,"val_accuracy":97.86,"epoch":1,"_timestamp":1.7290754272350342e+09}