{"val_accuracy":86.46,"epoch":1,"_timestamp":1.729106265552798e+09,"_runtime":14.870772,"_step":9,"loss":2.481879711151123,"val_loss":0.0022459428291767836,"_wandb":{"runtime":15}}