{"val_accuracy":81.06,"epoch":1,"_timestamp":1.7291155328453014e+09,"_runtime":15.7295964,"_step":9,"loss":3.7820048332214355,"val_loss":0.003524004714563489,"_wandb":{"runtime":16}}