{"_step":9,"loss":0.569502055644989,"_wandb":{"runtime":15},"val_loss":0.0004773019172716886,"val_accuracy":89.99,"epoch":1,"_timestamp":1.7290757567546217e+09,"_runtime":15.4296427}