{"_wandb":{"runtime":15},"val_loss":0.0006051509990356863,"val_accuracy":87.56,"epoch":1,"_timestamp":1.729075112288693e+09,"_runtime":15.3592465,"_step":9,"loss":0.6179599761962891}