{"val_accuracy":77.11,"_wandb":{"runtime":39},"epoch":1,"_timestamp":1.7291070618665779e+09,"_runtime":38.7061388,"_step":9,"loss":0.8505918979644775,"val_loss":0.0007193205528892577}