{"loss":0.3569326102733612,"val_loss":0.0003967667871620506,"val_accuracy":89.01,"epoch":1,"_wandb":{"runtime":15},"_timestamp":1.729016023312444e+09,"_runtime":15.4800052,"_step":9}