{"_wandb":{"runtime":157},"_timestamp":1.7289907253310435e+09,"_runtime":39.4870756,"_step":9,"loss":0.32281404733657837}