{"loss":0.39459508657455444,"val_loss":0.00039849121822044253,"_wandb":{"runtime":15},"val_accuracy":88.25,"epoch":1,"_timestamp":1.729075604433591e+09,"_runtime":15.3995433,"_step":9}