{"loss":0.37230464816093445,"val_loss":0.00045234159915708005,"val_accuracy":86.88,"_wandb":{"runtime":14},"epoch":1,"_timestamp":1.7290755798829322e+09,"_runtime":14.4657791,"_step":9}