{"_timestamp":1.729107511529457e+09,"_runtime":15.6558391,"_step":9,"loss":1.5240118503570557,"val_loss":0.0013669062172994018,"val_accuracy":77.74,"_wandb":{"runtime":15},"epoch":1}