{"val_loss":0.0007785510388202965,"val_accuracy":76.19,"epoch":1,"_timestamp":1.7291069609492414e+09,"_wandb":{"runtime":15},"_runtime":14.8016254,"_step":9,"loss":1.185403823852539}