{"_runtime":41.6984953,"_step":9,"_wandb":{"runtime":42},"loss":0.5020129680633545,"val_loss":0.0004464878875296563,"val_accuracy":86.4,"epoch":1,"_timestamp":1.7291068035581422e+09}