{"_wandb":{"runtime":16},"epoch":1,"_timestamp":1.7290769462430713e+09,"_runtime":16.3986993,"_step":9,"loss":1.6176683902740479,"val_loss":0.0013130160514265299,"val_accuracy":88.05}