{"loss":0.704867959022522,"val_loss":0.0004290592623874545,"val_accuracy":88.45,"epoch":1,"_wandb":{"runtime":15},"_timestamp":1.7290757218157241e+09,"_runtime":14.8367581,"_step":9}