{"val_loss":0.00034189532743766904,"epoch":1,"_wandb":{"runtime":14},"_runtime":14.978483,"_step":20,"loss":0.20609869062900543,"_timestamp":1.7290154655256221e+09,"val_accuracy":89.47}