{"val_loss":0.028133029118180275,"val_accuracy":44.32,"epoch":1,"_timestamp":1.7291052092853456e+09,"_runtime":16.6071475,"_step":9,"_wandb":{"runtime":16},"loss":29.924009323120117}