{"_step":9,"_wandb":{"runtime":16},"loss":1.4157280921936035,"val_loss":0.0009569536196067929,"val_accuracy":87.1,"epoch":1,"_timestamp":1.729076776274872e+09,"_runtime":16.539261}