{"loss":0.31923145055770874,"val_loss":0.00034814351238310337,"val_accuracy":89.69,"epoch":1,"_timestamp":1.7290158775140707e+09,"_runtime":15.5600868,"_wandb":{"runtime":15},"_step":9}