{"_runtime":14.6671539,"_step":9,"_wandb":{"runtime":14},"loss":0.49522724747657776,"val_loss":0.0004063318483531475,"val_accuracy":87.97,"epoch":1,"_timestamp":1.7290159543939857e+09}