{"_step":9,"loss":0.49874910712242126,"val_loss":0.0005900495452806354,"_wandb":{"runtime":15},"val_accuracy":88.99,"epoch":1,"_timestamp":1.7291063406449223e+09,"_runtime":15.0866152}