{"_runtime":15.4027558,"_wandb":{"runtime":15},"_step":9,"loss":0.5666926503181458,"val_loss":0.0003862516023218632,"val_accuracy":89.68,"epoch":1,"_timestamp":1.7290751592087436e+09}