{"_runtime":14.0312016,"_step":9,"_wandb":{"runtime":14},"loss":0.38182932138442993,"val_loss":0.0004077943740412593,"val_accuracy":87.11,"epoch":1,"_timestamp":1.7290650379149888e+09}