{"val_accuracy":79.2,"epoch":1,"_wandb":{"runtime":16},"_timestamp":1.729115504034933e+09,"_runtime":16.0492164,"_step":9,"loss":2.5595226287841797,"val_loss":0.0032089068554341793}