{"_wandb":{"runtime":8},"_runtime":7.6784806,"_step":9,"epoch":1,"loss":0.543444037437439,"_timestamp":1.7289876181853375e+09}