{"loss":0.5372870564460754,"_wandb":{"runtime":13},"_timestamp":1.7289875092858117e+09,"_runtime":12.1652026,"_step":937,"epoch":1}