{"_wandb":{"runtime":16},"loss":1.0280402898788452,"val_loss":0.0022644244600087404,"val_accuracy":60.83,"epoch":1,"_timestamp":1.7290768272038023e+09,"_runtime":16.0927369,"_step":9}