{"_step":9,"loss":0.37069225311279297,"_wandb":{"runtime":9},"val_loss":0,"val_accuracy":0,"epoch":1,"_timestamp":1.7290746591519916e+09,"_runtime":9.0406812}