{"_wandb":{"runtime":18},"val_accuracy":90.59,"epoch":1,"_timestamp":1.7290756816355524e+09,"_runtime":17.8793975,"_step":9,"loss":0.41805750131607056,"val_loss":0.00035949258017353714}