{"_step":9,"loss":0.5625089406967163,"val_loss":0.00041099428199231625,"val_accuracy":87.71,"epoch":1,"_wandb":{"runtime":17},"_timestamp":1.729074593882399e+09,"_runtime":17.6800614}