{"loss":0.5560376048088074,"val_loss":0.0004635053628589958,"val_accuracy":85.82,"epoch":1,"_wandb":{"runtime":14},"_timestamp":1.7291069138299913e+09,"_runtime":14.3998154,"_step":9}